best_epoch,best_validation_mse_joint_head,bottleneck_size,completed,data_fitted_parameters,data_test_sha256,device,encoder_gradient_parameters,epochs_ran,fit_metadata_values,fixed_parameters,gradient_trained_parameters,gradient_training_seconds,hit_epoch_cap,hostname,inference_seconds,inference_seconds_per_1000_steps,locked_config_hash,model,model_seed,nonzero_fixed_parameters,normalization_fitted_parameters,order,pair_id,pca_fitted_parameters,peak_gpu_memory_bytes,preprocessor_fit_seconds,python_version,recurrence_name,recurrent_state_size,regime,ridge_fit_seconds,ridge_fitted_parameters,ridge_validation_mse_before_train_val_refit,selected_ridge_alpha,selection_hash,task_name,test_mse,test_nrmse,test_steps_per_second,test_target_variance,torch_version,total_fixed_plus_trainable_parameters,total_parameters,total_stored_values,trainable_parameters,training_seconds
0,,0,True,151,92eea3ae2f7052d5ee0df49b8c60e459009baaf4816b1feef323baf89149826a,cuda,0,0,300,22800,0,0.0,False,orcaga05,1.83277749500121,0.18701811173481733,917b7fdf6f8ed15ff9f2a8820a07ed6e716584622a879218c478b4daf240ef7e,esn_ridge,1285877094,2382,0,5,0,0,49928704,4.2333995224907994e-05,3.9.19,narma5_fujii_nakajima,150,small,0.8274507109890692,151,2.1179902516801355e-06,1e-08,8690724138f70b879512238185c396cb46d1ffa79e30496e797ab9bd70dadd8c,narma5_fujii_nakajima_stable_trajectory_conditional,2.0759592749235988e-06,0.10052442495738084,5347.07569616547,0.00020543556680452878,2.4.1+cu121,22951,22951,22951,151,4.2333995224907994e-05
0,,0,True,301,92eea3ae2f7052d5ee0df49b8c60e459009baaf4816b1feef323baf89149826a,cuda,0,0,600,90600,0,0.0,False,orcaga05,1.854212912992807,0.1892053992849803,917b7fdf6f8ed15ff9f2a8820a07ed6e716584622a879218c478b4daf240ef7e,large_esn_ridge,1285877094,18096,0,5,0,0,61320704,3.3891003113240004e-05,3.9.19,narma5_fujii_nakajima,300,small,0.8027062799956184,301,1.6761956684592406e-06,1e-09,6e7fcf81e59d01da43baaf6d281deafe6eb03abb458a244d74282f4937c2b560,narma5_fujii_nakajima_stable_trajectory_conditional,1.6693237321888949e-06,0.09014309527267256,5285.261434288165,0.00020543556680452878,2.4.1+cu121,90901,90901,90901,301,3.3891003113240004e-05
0,,0,True,301,92eea3ae2f7052d5ee0df49b8c60e459009baaf4816b1feef323baf89149826a,cuda,0,0,600,67950,0,0.0,False,orcaga05,3.8126103059912566,0.3890418679582915,917b7fdf6f8ed15ff9f2a8820a07ed6e716584622a879218c478b4daf240ef7e,deep_esn_ridge,1285877094,27185,0,5,0,0,67231744,3.6684999940916896e-05,3.9.19,narma5_fujii_nakajima,300,small,1.5511264049855527,301,1.098456481248898e-06,1e-12,474f24b175edf17cb4d3377e9ac44e34797b2e647b69259ec5583eefbf61dde1,narma5_fujii_nakajima_stable_trajectory_conditional,1.0761932621254321e-06,0.07237812312785,2570.417434113308,0.00020543556680452878,2.4.1+cu121,68251,68251,68251,301,3.6684999940916896e-05
0,,10,True,151,92eea3ae2f7052d5ee0df49b8c60e459009baaf4816b1feef323baf89149826a,cuda,0,0,300,48450,0,0.0,False,orcaga05,4.4665104009909555,0.4557663674480567,917b7fdf6f8ed15ff9f2a8820a07ed6e716584622a879218c478b4daf240ef7e,random_bottleneck,1285877094,7685,300,5,0,0,62034944,0.37233819501125254,3.9.19,narma5_fujii_nakajima,300,small,1.812746549025178,151,2.80053717163344e-05,0.1,adbf8498a6a1939f297d42fd5d4e4c2fbf4c6c59e6ca408f2ab7d9426b468fbe,narma5_fujii_nakajima_stable_trajectory_conditional,2.9498773226578006e-05,0.37893451133186584,2194.106611243027,0.00020543556680452878,2.4.1+cu121,48601,48601,48901,151,0.37233819501125254
0,,10,True,1801,92eea3ae2f7052d5ee0df49b8c60e459009baaf4816b1feef323baf89149826a,cuda,0,0,300,46950,0,0.0,False,orcaga05,4.525099708000198,0.4617448681632856,917b7fdf6f8ed15ff9f2a8820a07ed6e716584622a879218c478b4daf240ef7e,pca_bottleneck,1285877094,6185,300,5,0,1650,62035968,0.7726406629953999,3.9.19,narma5_fujii_nakajima,300,small,1.8114861639915034,151,3.187447296978935e-05,0.1,1ec50985ade7e104ff2bedaad08529037d08f9b4553d3b86318b45ff39553a26,narma5_fujii_nakajima_stable_trajectory_conditional,3.362686253375757e-05,0.40458088208664655,2165.698135374561,0.00020543556680452878,2.4.1+cu121,47101,48751,49051,151,0.7726406629953999
150,0.00589477876201272,10,True,1661,92eea3ae2f7052d5ee0df49b8c60e459009baaf4816b1feef323baf89149826a,cuda,1510,150,300,46950,1661,347.08890221401816,True,orcaga05,4.528456771018682,0.4620874256141513,917b7fdf6f8ed15ff9f2a8820a07ed6e716584622a879218c478b4daf240ef7e,learned_linear,1285877094,6185,300,5,0,0,95598080,0.3653872809954919,3.9.19,narma5_fujii_nakajima,300,small,1.843251994025195,151,3.113050107523168e-05,0.01,e1b1ba61f958406faa5a346b88df67401ff4fe48202b34a1063bf45a5ecca443,narma5_fujii_nakajima_stable_trajectory_conditional,3.189127914716929e-05,0.39400175125043707,2164.0926469074975,0.00020543556680452878,2.4.1+cu121,48611,48611,48911,1661,347.45428949501365
150,0.004026034381240606,10,True,1661,92eea3ae2f7052d5ee0df49b8c60e459009baaf4816b1feef323baf89149826a,cuda,1510,150,300,46950,1661,353.7645585880091,True,orcaga05,4.628802619990893,0.4723267979582544,917b7fdf6f8ed15ff9f2a8820a07ed6e716584622a879218c478b4daf240ef7e,learned_nonlinear,1285877094,6185,300,5,0,0,95598080,0.3689443029870745,3.9.19,narma5_fujii_nakajima,300,small,1.8494660609867424,151,3.4747576381208994e-05,0.01,ff99d649630b7b310080ffff4d89620bf0e68f1276c5f1d2a91fb5ebf9cc7370,narma5_fujii_nakajima_stable_trajectory_conditional,3.534113344271611e-05,0.41476530403382106,2117.1782001841507,0.00020543556680452878,2.4.1+cu121,48611,48611,48911,1661,354.13350289099617
150,0.0001210479240398854,0,True,1673,92eea3ae2f7052d5ee0df49b8c60e459009baaf4816b1feef323baf89149826a,cuda,1650,150,44,0,1673,202.914943855023,True,orcaga05,1.7396209849976003,0.17751234540791838,917b7fdf6f8ed15ff9f2a8820a07ed6e716584622a879218c478b4daf240ef7e,gru,1285877094,0,0,5,0,0,73166848,1.4852004824206233e-05,3.9.19,narma5_fujii_nakajima,22,small,0.6870853629952762,23,4.122268142701405e-05,1e-08,3d6b3e1d3e294c2a5f6f6f2e53f0fa1e6171703e70e01a198fe754ad33ea39d2,narma5_fujii_nakajima_stable_trajectory_conditional,3.9758634029843805e-05,0.43992425803624124,5633.411004186937,0.00020543556680452878,2.4.1+cu121,1673,1673,1673,1673,202.91495870702784
0,,0,True,151,92eea3ae2f7052d5ee0df49b8c60e459009baaf4816b1feef323baf89149826a,cuda,0,0,300,22800,0,0.0,False,orcaga05,1.8383102170191705,0.18758267520603783,917b7fdf6f8ed15ff9f2a8820a07ed6e716584622a879218c478b4daf240ef7e,esn_ridge,1285877094,2382,0,5,0,0,49928704,4.78810106869787e-05,3.9.19,narma5_fujii_nakajima,150,long,2.3242014269926585,151,1.935925969424146e-06,1e-12,4fe993e814b9a7b80a53cb4d5ad41d6e02e97c6e958cc4a5a39227c00c56cbe2,narma5_fujii_nakajima_stable_trajectory_conditional,1.9795916284383063e-06,0.09816348921265389,5330.982719494836,0.00020543556680452878,2.4.1+cu121,22951,22951,22951,151,4.78810106869787e-05
0,,0,True,301,92eea3ae2f7052d5ee0df49b8c60e459009baaf4816b1feef323baf89149826a,cuda,0,0,600,90600,0,0.0,False,orcaga05,1.8575390220212284,0.18954479816543146,917b7fdf6f8ed15ff9f2a8820a07ed6e716584622a879218c478b4daf240ef7e,large_esn_ridge,1285877094,9120,0,5,0,0,61903360,3.775599179789424e-05,3.9.19,narma5_fujii_nakajima,300,long,2.3481986899860203,301,1.078123124501794e-06,1e-12,566a94b24b0f1899e1454bf1878a5a36f7502e586131019fb6fdec6a912c7d95,narma5_fujii_nakajima_stable_trajectory_conditional,1.1726886838684006e-06,0.07555331944093878,5275.797646143879,0.00020543556680452878,2.4.1+cu121,90901,90901,90901,301,3.775599179789424e-05
0,,0,True,301,92eea3ae2f7052d5ee0df49b8c60e459009baaf4816b1feef323baf89149826a,cuda,0,0,600,67950,0,0.0,False,orcaga05,3.7631969380017836,0.3839996875512024,917b7fdf6f8ed15ff9f2a8820a07ed6e716584622a879218c478b4daf240ef7e,deep_esn_ridge,1285877094,27185,0,5,0,0,67231744,5.3490017307922244e-05,3.9.19,narma5_fujii_nakajima,300,long,4.699577130988473,301,9.448985599554871e-07,1e-12,fb966bdb96d5a22fa3296b608125ef134f46f5a4ecf68f022f3b0b2a1ef39119,narma5_fujii_nakajima_stable_trajectory_conditional,9.943927982552946e-07,0.06957307004360926,2604.168785597411,0.00020543556680452878,2.4.1+cu121,68251,68251,68251,301,5.3490017307922244e-05
0,,10,True,151,92eea3ae2f7052d5ee0df49b8c60e459009baaf4816b1feef323baf89149826a,cuda,0,0,300,48450,0,0.0,False,orcaga05,4.466627166984836,0.45577828234539136,917b7fdf6f8ed15ff9f2a8820a07ed6e716584622a879218c478b4daf240ef7e,random_bottleneck,1285877094,7685,300,5,0,0,62034944,1.8876054619904608,3.9.19,narma5_fujii_nakajima,300,long,5.4074716239992995,151,2.7954791397660387e-05,0.01,62fbb8d8915f72ed4b1dacf596a958eba4f6034a965615cc8315825b7fa96665,narma5_fujii_nakajima_stable_trajectory_conditional,2.9613941516585252e-05,0.37967350353638174,2194.0492531897216,0.00020543556680452878,2.4.1+cu121,48601,48601,48901,151,1.8876054619904608
0,,10,True,1801,92eea3ae2f7052d5ee0df49b8c60e459009baaf4816b1feef323baf89149826a,cuda,0,0,300,46950,0,0.0,False,orcaga05,4.578083442000207,0.4671513716326742,917b7fdf6f8ed15ff9f2a8820a07ed6e716584622a879218c478b4daf240ef7e,pca_bottleneck,1285877094,6185,300,5,0,1650,62035968,3.7934973950032145,3.9.19,narma5_fujii_nakajima,300,long,5.4695288199873175,151,3.1734108740429745e-05,0.1,faba4c695ea0a37fbde38e3d944c9d7f858ad0fb74be47646d5839a07b4fb3c5,narma5_fujii_nakajima_stable_trajectory_conditional,3.3744835481162505e-05,0.4052899552267808,2140.6337661067814,0.00020543556680452878,2.4.1+cu121,47101,48751,49051,151,3.7934973950032145
150,0.005556105170398951,10,True,1661,92eea3ae2f7052d5ee0df49b8c60e459009baaf4816b1feef323baf89149826a,cuda,1510,150,300,46950,1661,1217.4206266429974,True,orcaga05,4.520230581983924,0.4612480185697882,917b7fdf6f8ed15ff9f2a8820a07ed6e716584622a879218c478b4daf240ef7e,learned_linear,1285877094,6185,300,5,0,0,105991168,1.8303376800031401,3.9.19,narma5_fujii_nakajima,300,long,5.532072494999738,151,3.0243573130541657e-05,0.001,d3ad35f7e0868afad47d7bee4950a3c941db3179b58bc6f2e7c8ea3137347fa6,narma5_fujii_nakajima_stable_trajectory_conditional,3.183079416792287e-05,0.3936279421924924,2168.0309936089125,0.00020543556680452878,2.4.1+cu121,48611,48611,48911,1661,1219.2509643230005
150,0.002564609283581376,10,True,1661,92eea3ae2f7052d5ee0df49b8c60e459009baaf4816b1feef323baf89149826a,cuda,1510,150,300,46950,1661,1236.8803575130005,True,orcaga05,4.568510073993821,0.4661744973463082,917b7fdf6f8ed15ff9f2a8820a07ed6e716584622a879218c478b4daf240ef7e,learned_nonlinear,1285877094,6185,300,5,0,0,111110656,1.8964340550010093,3.9.19,narma5_fujii_nakajima,300,long,5.590786051994655,151,3.132297751607141e-05,0.001,b4df21a539f516f725654c8a037ec749f8767d10cd16d70822df894565aeebb6,narma5_fujii_nakajima_stable_trajectory_conditional,3.272740647755972e-05,0.3991333138825254,2145.119490003177,0.00020543556680452878,2.4.1+cu121,48611,48611,48911,1661,1238.7767915680015
13,0.00018619651382323354,0,True,1673,92eea3ae2f7052d5ee0df49b8c60e459009baaf4816b1feef323baf89149826a,cuda,1650,38,44,0,1673,206.20250416500494,False,orcaga05,1.696521488018334,0.17311443755289121,917b7fdf6f8ed15ff9f2a8820a07ed6e716584622a879218c478b4daf240ef7e,gru,1285877094,0,0,5,0,0,89602560,1.417199382558465e-05,3.9.19,narma5_fujii_nakajima,22,long,2.0444979880121537,23,4.416548752274695e-05,1e-10,152a9a21d741f4399ac34d3037350782350d9fc5e6f9dd3c724b4930a430f5cb,narma5_fujii_nakajima_stable_trajectory_conditional,4.586986719619555e-05,0.47252623303971547,5776.525714063984,0.00020543556680452878,2.4.1+cu121,1673,1673,1673,1673,206.20251833699876
0,,0,True,151,46a658f9a20db9dcf7119caf2fad21a0f630027eea90827e2953978ac6b81d02,cuda,0,0,300,22800,0,0.0,False,orcaga05,1.8300764719897415,0.18674249714181038,917b7fdf6f8ed15ff9f2a8820a07ed6e716584622a879218c478b4daf240ef7e,esn_ridge,1285877094,2382,0,10,0,0,49928704,4.6389002818614244e-05,3.9.19,narma10_atiya_parlos,150,small,0.82002092897892,151,0.000747403808050376,1e-06,4295b64551e0c4081abb3fedaa556b674b4bbc78d5b88598e8b73c34399a8853,narma10_atiya_parlos_stable_trajectory_conditional,0.0009039994788080612,0.27384259374312453,5354.967483596463,0.01205497130134243,2.4.1+cu121,22951,22951,22951,151,4.6389002818614244e-05
0,,0,True,301,46a658f9a20db9dcf7119caf2fad21a0f630027eea90827e2953978ac6b81d02,cuda,0,0,600,90600,0,0.0,False,orcaga05,1.8367497719882522,0.18742344612125023,917b7fdf6f8ed15ff9f2a8820a07ed6e716584622a879218c478b4daf240ef7e,large_esn_ridge,1285877094,9120,0,10,0,0,61320704,4.067100235261023e-05,3.9.19,narma10_atiya_parlos,300,small,0.7895246880070772,301,0.0003378188757685956,1e-06,f3a173cff403afc3b24df9de5e41b95787d17fbead960ef18072c149ac14834c,narma10_atiya_parlos_stable_trajectory_conditional,0.0003912162684199387,0.18014630667855372,5335.51175530658,0.01205497130134243,2.4.1+cu121,90901,90901,90901,301,4.067100235261023e-05
0,,0,True,301,46a658f9a20db9dcf7119caf2fad21a0f630027eea90827e2953978ac6b81d02,cuda,0,0,600,67950,0,0.0,False,orcaga05,3.774434619001113,0.3851463896939911,917b7fdf6f8ed15ff9f2a8820a07ed6e716584622a879218c478b4daf240ef7e,deep_esn_ridge,1285877094,27185,0,10,0,0,67231744,3.611401189118624e-05,3.9.19,narma10_atiya_parlos,300,small,1.5329800799954683,301,0.00038519295288309455,1e-06,05044e718e92f5d4952a3caca44f10a409be47b5f7fd094bb9089c7bc32d48f3,narma10_atiya_parlos_stable_trajectory_conditional,0.0004634518002867032,0.1960736332291668,2596.4153546772854,0.01205497130134243,2.4.1+cu121,68251,68251,68251,301,3.611401189118624e-05
0,,10,True,151,46a658f9a20db9dcf7119caf2fad21a0f630027eea90827e2953978ac6b81d02,cuda,0,0,300,48450,0,0.0,False,orcaga05,4.394978188996902,0.44846716214254095,917b7fdf6f8ed15ff9f2a8820a07ed6e716584622a879218c478b4daf240ef7e,random_bottleneck,1285877094,7685,300,10,0,0,62034944,0.36760043300455436,3.9.19,narma10_atiya_parlos,300,small,1.7915158079995308,151,0.0022985095298740077,0.01,541871ef75de32a2ede78f9ba791abf4ae04e290b5494e85bfa36f0495c106b1,narma10_atiya_parlos_stable_trajectory_conditional,0.002299311291680159,0.43673278554183004,2229.8176642912367,0.01205497130134243,2.4.1+cu121,48601,48601,48901,151,0.36760043300455436
0,,10,True,1801,46a658f9a20db9dcf7119caf2fad21a0f630027eea90827e2953978ac6b81d02,cuda,0,0,300,46950,0,0.0,False,orcaga05,4.488549473986495,0.4580152524476016,917b7fdf6f8ed15ff9f2a8820a07ed6e716584622a879218c478b4daf240ef7e,pca_bottleneck,1285877094,6185,300,10,0,1650,62035968,0.75506572399172,3.9.19,narma10_atiya_parlos,300,small,1.8062989790050779,151,0.004165223374082309,0.1,022f148ec256ac50f17f5ed558a62ac7b558c1577c82d19f72df0f2cdd9b0581,narma10_atiya_parlos_stable_trajectory_conditional,0.00473683216965257,0.6268460713857876,2183.3334035407547,0.01205497130134243,2.4.1+cu121,47101,48751,49051,151,0.75506572399172
150,0.007795118726789951,10,True,1661,46a658f9a20db9dcf7119caf2fad21a0f630027eea90827e2953978ac6b81d02,cuda,1510,150,300,46950,1661,343.0224750310008,True,orcaga05,4.461082794005051,0.4552125300005155,917b7fdf6f8ed15ff9f2a8820a07ed6e716584622a879218c478b4daf240ef7e,learned_linear,1285877094,6185,300,10,0,0,95598080,0.35972662700805813,3.9.19,narma10_atiya_parlos,300,small,1.8123427410027944,151,0.0020502441013065644,0.01,4f6c38f1ebe545c77e170f976984de8b52c893dacd675b437c447fecb164fdaf,narma10_atiya_parlos_stable_trajectory_conditional,0.002171846042824597,0.4244547788015323,2196.7760861039296,0.01205497130134243,2.4.1+cu121,48611,48611,48911,1661,343.38220165800885
150,0.004499180242419243,10,True,1661,46a658f9a20db9dcf7119caf2fad21a0f630027eea90827e2953978ac6b81d02,cuda,1510,150,300,46950,1661,347.21885142999236,True,orcaga05,4.566869583999505,0.46600710040811283,917b7fdf6f8ed15ff9f2a8820a07ed6e716584622a879218c478b4daf240ef7e,learned_nonlinear,1285877094,6185,300,10,0,0,95598080,0.3623079269891605,3.9.19,narma10_atiya_parlos,300,small,1.826135521987453,151,0.0019274264924566912,0.001,18db1819c45b4ca559d2035c1e0bb241ca312773570349e0da2f0040145ebaaf,narma10_atiya_parlos_stable_trajectory_conditional,0.0019699770573027558,0.4042476405423212,2145.8900500104714,0.01205497130134243,2.4.1+cu121,48611,48611,48911,1661,347.5811593569815
142,0.004720511380583048,0,True,1673,46a658f9a20db9dcf7119caf2fad21a0f630027eea90827e2953978ac6b81d02,cuda,1650,150,44,0,1673,199.3705210830085,True,orcaga05,1.7665670959977433,0.1802619485711983,917b7fdf6f8ed15ff9f2a8820a07ed6e716584622a879218c478b4daf240ef7e,gru,1285877094,0,0,10,0,0,73166848,1.4560995623469353e-05,3.9.19,narma10_atiya_parlos,22,small,0.6803591749921907,23,0.003727805823421453,1e-06,dd63d99f5f23c284349300d13284759061617f8a1688b88e7c5fc7c94d4d43a2,narma10_atiya_parlos_stable_trajectory_conditional,0.003859212756525381,0.5658043348458242,5547.482471626721,0.01205497130134243,2.4.1+cu121,1673,1673,1673,1673,199.37053564400412
0,,0,True,151,46a658f9a20db9dcf7119caf2fad21a0f630027eea90827e2953978ac6b81d02,cuda,0,0,300,22800,0,0.0,False,orcaga05,1.8594530769914854,0.18974010989709036,917b7fdf6f8ed15ff9f2a8820a07ed6e716584622a879218c478b4daf240ef7e,esn_ridge,1285877094,2382,0,10,0,0,49928704,4.6389992348849773e-05,3.9.19,narma10_atiya_parlos,150,long,2.4467025469930377,151,0.0007167862853884323,1e-12,3b94042f8c92878b70068763d276cc14f47790e7878fa239fcd1d825a601dda6,narma10_atiya_parlos_stable_trajectory_conditional,0.0008577745820918455,0.26674942752399705,5270.366927384893,0.01205497130134243,2.4.1+cu121,22951,22951,22951,151,4.6389992348849773e-05
0,,0,True,301,46a658f9a20db9dcf7119caf2fad21a0f630027eea90827e2953978ac6b81d02,cuda,0,0,600,90600,0,0.0,False,orcaga05,1.8796562209900003,0.19180165520306125,917b7fdf6f8ed15ff9f2a8820a07ed6e716584622a879218c478b4daf240ef7e,large_esn_ridge,1285877094,9120,0,10,0,0,61903360,3.939899033866823e-05,3.9.19,narma10_atiya_parlos,300,long,2.4782480290159583,301,0.00030297487547633267,1e-07,7d8c51ddbafebfc198f602b6af30bfb4989354bb0e821761d654f0fb06ee1d3b,narma10_atiya_parlos_stable_trajectory_conditional,0.0003637996719687663,0.17371929618054271,5213.719344294999,0.01205497130134243,2.4.1+cu121,90901,90901,90901,301,3.939899033866823e-05
0,,0,True,301,46a658f9a20db9dcf7119caf2fad21a0f630027eea90827e2953978ac6b81d02,cuda,0,0,600,67950,0,0.0,False,orcaga05,3.8242237330123316,0.3902269115318706,917b7fdf6f8ed15ff9f2a8820a07ed6e716584622a879218c478b4daf240ef7e,deep_esn_ridge,1285877094,27185,0,10,0,0,67231744,5.246800719760358e-05,3.9.19,narma10_atiya_parlos,300,long,4.86261175700929,301,0.00034099234828392875,1e-06,9cd4e9a351135cc49e3ec785ab24b86e89b43a7fc2e94cee86d03c1fe55084fe,narma10_atiya_parlos_stable_trajectory_conditional,0.0004303886171472521,0.18895017475555406,2562.611574056773,0.01205497130134243,2.4.1+cu121,68251,68251,68251,301,5.246800719760358e-05
0,,10,True,151,46a658f9a20db9dcf7119caf2fad21a0f630027eea90827e2953978ac6b81d02,cuda,0,0,300,48450,0,0.0,False,orcaga05,4.491945607995149,0.4583617967341988,917b7fdf6f8ed15ff9f2a8820a07ed6e716584622a879218c478b4daf240ef7e,random_bottleneck,1285877094,10229,300,10,0,0,62034944,1.9551545699941926,3.9.19,narma10_atiya_parlos,300,long,5.534937566000735,151,0.000886227949632565,1e-05,29f85cc50e478ac86844a4499aa6b4be2887461526a235e28d18280717936293,narma10_atiya_parlos_stable_trajectory_conditional,0.001005639965310185,0.2888272543593035,2181.682695034669,0.01205497130134243,2.4.1+cu121,48601,48601,48901,151,1.9551545699941926
0,,10,True,1801,46a658f9a20db9dcf7119caf2fad21a0f630027eea90827e2953978ac6b81d02,cuda,0,0,300,46950,0,0.0,False,orcaga05,4.5824707800056785,0.46759905918425293,917b7fdf6f8ed15ff9f2a8820a07ed6e716584622a879218c478b4daf240ef7e,pca_bottleneck,1285877094,8716,300,10,0,1650,62035968,3.8648197499860544,3.9.19,narma10_atiya_parlos,300,long,5.626177794998512,151,0.0017272557338592913,0.0001,f76dfe71b42de1a21f6d105c512abf40a458bc9f7bd868f0636bcc0f74be7406,narma10_atiya_parlos_stable_trajectory_conditional,0.0020988117989798297,0.41725702581530905,2138.584285743739,0.01205497130134243,2.4.1+cu121,47101,48751,49051,151,3.8648197499860544
150,0.0063721733167767525,10,True,1661,46a658f9a20db9dcf7119caf2fad21a0f630027eea90827e2953978ac6b81d02,cuda,1510,150,300,46950,1661,1227.8458623600018,True,orcaga05,4.558075369015569,0.4651097315322009,917b7fdf6f8ed15ff9f2a8820a07ed6e716584622a879218c478b4daf240ef7e,learned_linear,1285877094,6185,300,10,0,0,105991168,1.833095679001417,3.9.19,narma10_atiya_parlos,300,long,5.676050783018582,151,0.001942630541484037,0.0001,fdb54f5907c1a2abd96815f83bac4cb060982a61e5751484356f4594b503fef3,narma10_atiya_parlos_stable_trajectory_conditional,0.0020793262533924848,0.41531558448859895,2150.030266418468,0.01205497130134243,2.4.1+cu121,48611,48611,48911,1661,1229.6789580390032
149,0.0038338222075253725,10,True,1661,46a658f9a20db9dcf7119caf2fad21a0f630027eea90827e2953978ac6b81d02,cuda,1510,150,300,46950,1661,1248.162198962993,True,orcaga05,4.594557208998594,0.46883236826516267,917b7fdf6f8ed15ff9f2a8820a07ed6e716584622a879218c478b4daf240ef7e,learned_nonlinear,1285877094,6185,300,10,0,0,111110656,1.9231365979940165,3.9.19,narma10_atiya_parlos,300,long,5.736066166980891,151,0.002020799124729583,0.0001,8b12969878e93d141fbe3761efff57b7c66e3103982591a5d1136036ba5505d5,narma10_atiya_parlos_stable_trajectory_conditional,0.001924331979565342,0.39953691160509747,2132.9585320662395,0.01205497130134243,2.4.1+cu121,48611,48611,48911,1661,1250.085335560987
27,0.010008803568780422,0,True,1673,46a658f9a20db9dcf7119caf2fad21a0f630027eea90827e2953978ac6b81d02,cuda,1650,52,44,0,1673,284.71480176600744,False,orcaga05,1.7835317749995738,0.1819930382652626,917b7fdf6f8ed15ff9f2a8820a07ed6e716584622a879218c478b4daf240ef7e,gru,1285877094,0,0,10,0,0,89602560,2.1170999389141798e-05,3.9.19,narma10_atiya_parlos,22,long,2.070545230002608,23,0.003327040948942994,1e-12,23af52d68cf95acd839757287cfde89dbcd4484182313b1798bcb4283a987362,narma10_atiya_parlos_stable_trajectory_conditional,0.003389229435946505,0.5302337827140161,5494.715674466939,0.01205497130134243,2.4.1+cu121,1673,1673,1673,1673,284.71482293700683
0,,0,True,151,73f6c6d7023b3d4bd64130fdfd3cbf8d6b752de161764b4cef46e84e2d37829b,cuda,0,0,300,22800,0,0.0,False,orcaga11,1.8830025979841594,0.1921431222432816,917b7fdf6f8ed15ff9f2a8820a07ed6e716584622a879218c478b4daf240ef7e,esn_ridge,1285877094,1449,0,20,0,0,49928704,4.8062007408589125e-05,3.9.19,narma20_rodan_tino,150,small,0.8635182030266151,151,0.0013006137285341303,1e-12,6c5cdc76f88763b7dba13c15395f339a8dc3c3d4b3a31a31bf2d116a7bcbe6d2,narma20_rodan_tino_stable_trajectory_conditional,0.0011370298195285252,0.3647255322062651,5204.453785932823,0.008547508103413468,2.4.1+cu121,22951,22951,22951,151,4.8062007408589125e-05
0,,0,True,301,73f6c6d7023b3d4bd64130fdfd3cbf8d6b752de161764b4cef46e84e2d37829b,cuda,0,0,600,90600,0,0.0,False,orcaga11,1.8698767659952864,0.19080375163217209,917b7fdf6f8ed15ff9f2a8820a07ed6e716584622a879218c478b4daf240ef7e,large_esn_ridge,1285877094,9120,0,20,0,0,61320704,5.984999006614089e-05,3.9.19,narma20_rodan_tino,300,small,0.8317159790021833,301,0.0012272375790927958,1e-06,d16b461e2a2684cc635879f4a885ee385e7da18e7d817371df021247376677d1,narma20_rodan_tino_stable_trajectory_conditional,0.001111579660164958,0.3606206028868944,5240.987095095391,0.008547508103413468,2.4.1+cu121,90901,90901,90901,301,5.984999006614089e-05
0,,0,True,301,73f6c6d7023b3d4bd64130fdfd3cbf8d6b752de161764b4cef46e84e2d37829b,cuda,0,0,600,67950,0,0.0,False,orcaga11,3.9119792470009997,0.3991815558164285,917b7fdf6f8ed15ff9f2a8820a07ed6e716584622a879218c478b4daf240ef7e,deep_esn_ridge,1285877094,29729,0,20,0,0,67231744,4.3135019950568676e-05,3.9.19,narma20_rodan_tino,300,small,1.6123464709962718,301,0.0009885452553513637,1e-10,b1bb063bee92970a532bed9374f3d7aa5169c47a9211b93c3ab0cf6aef71425f,narma20_rodan_tino_stable_trajectory_conditional,0.0009653764141987949,0.33606909883288805,2505.1257640267067,0.008547508103413468,2.4.1+cu121,68251,68251,68251,301,4.3135019950568676e-05
0,,10,True,151,73f6c6d7023b3d4bd64130fdfd3cbf8d6b752de161764b4cef46e84e2d37829b,cuda,0,0,300,48450,0,0.0,False,orcaga11,4.572993423003936,0.46663198193917715,917b7fdf6f8ed15ff9f2a8820a07ed6e716584622a879218c478b4daf240ef7e,random_bottleneck,1285877094,7685,300,20,0,0,62034944,0.37593089998699725,3.9.19,narma20_rodan_tino,300,small,1.8555306430207565,151,0.003881907295027071,0.001,28daca822a544e63f56f989f77dafd99ec567bb2675ba2e92b38e5dc72c9e8e9,narma20_rodan_tino_stable_trajectory_conditional,0.003179293566402926,0.6098816337379337,2143.0164213012395,0.008547508103413468,2.4.1+cu121,48601,48601,48901,151,0.37593089998699725
0,,10,True,1801,73f6c6d7023b3d4bd64130fdfd3cbf8d6b752de161764b4cef46e84e2d37829b,cuda,0,0,300,46950,0,0.0,False,orcaga11,4.64212326699635,0.4736860476526888,917b7fdf6f8ed15ff9f2a8820a07ed6e716584622a879218c478b4daf240ef7e,pca_bottleneck,1285877094,6185,300,20,0,1650,62035968,0.788317542988807,3.9.19,narma20_rodan_tino,300,small,1.8635271420062054,151,0.006139443920827536,1.0,6a219e9b5e8002d718a62215875b26ac5f55c17a0ab364af3c942f299553f0d6,narma20_rodan_tino_stable_trajectory_conditional,0.005329991806424695,0.7896661286383666,2111.102923456191,0.008547508103413468,2.4.1+cu121,47101,48751,49051,151,0.788317542988807
150,0.01006651483476162,10,True,1661,73f6c6d7023b3d4bd64130fdfd3cbf8d6b752de161764b4cef46e84e2d37829b,cuda,1510,150,300,46950,1661,355.4986401310016,True,orcaga11,4.614003822993254,0.47081671663196467,917b7fdf6f8ed15ff9f2a8820a07ed6e716584622a879218c478b4daf240ef7e,learned_linear,1285877094,6185,300,20,0,0,95598080,0.3697601899912115,3.9.19,narma20_rodan_tino,300,small,1.882711117999861,151,0.003291535409292502,0.01,219ccca8bcef3b1ed070b511af6565712776f8b3821f3455954a07cd70444bae,narma20_rodan_tino_stable_trajectory_conditional,0.0028995806332503074,0.5824354957219311,2123.9687646471048,0.008547508103413468,2.4.1+cu121,48611,48611,48911,1661,355.8684003209928
150,0.001658133347518742,10,True,1661,73f6c6d7023b3d4bd64130fdfd3cbf8d6b752de161764b4cef46e84e2d37829b,cuda,1510,150,300,46950,1661,362.57379106097505,True,orcaga11,4.738511068979278,0.48352153765094674,917b7fdf6f8ed15ff9f2a8820a07ed6e716584622a879218c478b4daf240ef7e,learned_nonlinear,1285877094,7646,300,20,0,0,95598080,0.37423834498622455,3.9.19,narma20_rodan_tino,300,small,1.9057864240021445,151,0.0015136135781804588,1e-05,1a744fd1b1b3665976061b1532e35f345bfedbaf9bd936f034f1ddb521531e40,narma20_rodan_tino_stable_trajectory_conditional,0.0013608128232105979,0.39900600877619663,2068.1601999741697,0.008547508103413468,2.4.1+cu121,48611,48611,48911,1661,362.9480294059613
150,0.007891392335295677,0,True,1673,73f6c6d7023b3d4bd64130fdfd3cbf8d6b752de161764b4cef46e84e2d37829b,cuda,1650,150,44,0,1673,207.8966887020215,True,orcaga11,1.820791961014038,0.18579509806265693,917b7fdf6f8ed15ff9f2a8820a07ed6e716584622a879218c478b4daf240ef7e,gru,1285877094,0,0,20,0,0,73166848,1.4391000149771571e-05,3.9.19,narma20_rodan_tino,22,small,0.7071929599915165,23,0.00513924088041345,1e-09,70ea7b712bfcd5872fed16728de47d38f013a4904d1a3e43017a313e7685e2e6,narma20_rodan_tino_stable_trajectory_conditional,0.004711835121676622,0.7424637968115839,5382.273323824525,0.008547508103413468,2.4.1+cu121,1673,1673,1673,1673,207.89670309302164
0,,0,True,151,73f6c6d7023b3d4bd64130fdfd3cbf8d6b752de161764b4cef46e84e2d37829b,cuda,0,0,300,22800,0,0.0,False,orcaga11,1.8356671590008773,0.18731297540825276,917b7fdf6f8ed15ff9f2a8820a07ed6e716584622a879218c478b4daf240ef7e,esn_ridge,1285877094,2382,0,20,0,0,49928704,5.239900201559067e-05,3.9.19,narma20_rodan_tino,150,long,2.3084839709918015,151,0.001706549751449283,1e-12,f9b4c3e5ad9a7dc93ecb63f32ad6d32c98d6e9a35d988e782f44148f42afb4a1,narma20_rodan_tino_stable_trajectory_conditional,0.0014143013034048101,0.40677214932503697,5338.658455563358,0.008547508103413468,2.4.1+cu121,22951,22951,22951,151,5.239900201559067e-05
0,,0,True,301,73f6c6d7023b3d4bd64130fdfd3cbf8d6b752de161764b4cef46e84e2d37829b,cuda,0,0,600,90600,0,0.0,False,orcaga11,1.8259342999954242,0.1863198265301453,917b7fdf6f8ed15ff9f2a8820a07ed6e716584622a879218c478b4daf240ef7e,large_esn_ridge,1285877094,9120,0,20,0,0,61903360,4.0610990254208446e-05,3.9.19,narma20_rodan_tino,300,long,2.3210809189768042,301,0.0008825023324724412,1e-12,2d3a54c668fa8beabd4645daf38dff3a242516ca2c6dd820df2ba88720237e89,narma20_rodan_tino_stable_trajectory_conditional,0.0008298886315126899,0.31159476100429073,5367.11534474409,0.008547508103413468,2.4.1+cu121,90901,90901,90901,301,4.0610990254208446e-05
0,,0,True,301,73f6c6d7023b3d4bd64130fdfd3cbf8d6b752de161764b4cef46e84e2d37829b,cuda,0,0,600,67950,0,0.0,False,orcaga11,3.7751606770034414,0.3852204772452491,917b7fdf6f8ed15ff9f2a8820a07ed6e716584622a879218c478b4daf240ef7e,deep_esn_ridge,1285877094,27185,0,20,0,0,67231744,5.427200812846422e-05,3.9.19,narma20_rodan_tino,300,long,4.677131245989585,301,0.001245853144978657,1e-12,b4842243046a6bddcf6527fd61907556d9927f52f62fd9864751522ce163a08c,narma20_rodan_tino_stable_trajectory_conditional,0.001080341367662681,0.35551730283075994,2595.9159989393656,0.008547508103413468,2.4.1+cu121,68251,68251,68251,301,5.427200812846422e-05
0,,10,True,151,73f6c6d7023b3d4bd64130fdfd3cbf8d6b752de161764b4cef46e84e2d37829b,cuda,0,0,300,48450,0,0.0,False,orcaga11,4.4616846140124835,0.45527394020535544,917b7fdf6f8ed15ff9f2a8820a07ed6e716584622a879218c478b4daf240ef7e,random_bottleneck,1285877094,7685,300,20,0,0,62034944,1.8789472970238421,3.9.19,narma20_rodan_tino,300,long,5.413788995996583,151,0.0036673586998657707,0.0001,4335358cb3082024eb6b6daa61b5b57fb0a67877d62fb393a70d9489ad3e44f3,narma20_rodan_tino_stable_trajectory_conditional,0.003084639570185571,0.6007343313479703,2196.479771165775,0.008547508103413468,2.4.1+cu121,48601,48601,48901,151,1.8789472970238421
0,,10,True,1801,73f6c6d7023b3d4bd64130fdfd3cbf8d6b752de161764b4cef46e84e2d37829b,cuda,0,0,300,46950,0,0.0,False,orcaga11,4.555338928010315,0.46483050285819544,917b7fdf6f8ed15ff9f2a8820a07ed6e716584622a879218c478b4daf240ef7e,pca_bottleneck,1285877094,10960,300,20,0,1650,62035968,3.7303899399994407,3.9.19,narma20_rodan_tino,300,long,5.43074599900865,151,0.0038786539766380132,0.001,47f1abc6216c97561cf654ebd4a68250a67a9aad306413e1243c44e96dd6bedd,narma20_rodan_tino_stable_trajectory_conditional,0.004035991559446781,0.6871560333957308,2151.3218126846277,0.008547508103413468,2.4.1+cu121,47101,48751,49051,151,3.7303899399994407
150,0.009002061560750008,10,True,1661,73f6c6d7023b3d4bd64130fdfd3cbf8d6b752de161764b4cef46e84e2d37829b,cuda,1510,150,300,46950,1661,1217.8059405710083,True,orcaga11,4.5310115499887615,0.46234811734579206,917b7fdf6f8ed15ff9f2a8820a07ed6e716584622a879218c478b4daf240ef7e,learned_linear,1285877094,6185,300,20,0,0,105991168,1.816770468984032,3.9.19,narma20_rodan_tino,300,long,5.537999032007065,151,0.0029014402552584276,1e-12,179496f3896f3f8e0e69e6407d8784e9c225703c6d2281231b6e15eba256e32e,narma20_rodan_tino_stable_trajectory_conditional,0.0026424015778301934,0.5560062192010709,2162.872438500914,0.008547508103413468,2.4.1+cu121,48611,48611,48911,1661,1219.6227110399923
150,0.004404469858855009,10,True,1661,73f6c6d7023b3d4bd64130fdfd3cbf8d6b752de161764b4cef46e84e2d37829b,cuda,1510,150,300,46950,1661,1249.8834456779878,True,orcaga11,4.574215019994881,0.46675663469335515,917b7fdf6f8ed15ff9f2a8820a07ed6e716584622a879218c478b4daf240ef7e,learned_nonlinear,1285877094,6185,300,20,0,0,111110656,1.890541110013146,3.9.19,narma20_rodan_tino,300,long,5.6165823390183505,151,0.002082903505495727,1e-12,2f7f29b9e7e27fbec5cfa74780a31c275b2bab48492f22d458e865f394e46126,narma20_rodan_tino_stable_trajectory_conditional,0.001953255490132244,0.478035078137393,2142.444103996442,0.008547508103413468,2.4.1+cu121,48611,48611,48911,1661,1251.773986788001
150,0.011440747417509556,0,True,1673,73f6c6d7023b3d4bd64130fdfd3cbf8d6b752de161764b4cef46e84e2d37829b,cuda,1650,150,44,0,1673,831.0751499109901,True,orcaga11,1.8013419609924313,0.18381040418290115,917b7fdf6f8ed15ff9f2a8820a07ed6e716584622a879218c478b4daf240ef7e,gru,1285877094,0,0,20,0,0,89602560,1.526298001408577e-05,3.9.19,narma20_rodan_tino,22,long,2.06925229501212,23,0.005547982035973033,1e-12,4aa98c85067080dbf14dc16812bb5ed2aef44b0df120750aa556899bf3a41f19,narma20_rodan_tino_stable_trajectory_conditional,0.005028709792534837,0.7670232455854424,5440.388450508746,0.008547508103413468,2.4.1+cu121,1673,1673,1673,1673,831.0751651739702
0,,0,True,151,674c339cdf58dd08afdb571639a48ae715018d2c94afba7b910f4b3ee5967cf6,cuda,0,0,300,22800,0,0.0,False,orcaga12,1.8354712419968564,0.18729298387723023,917b7fdf6f8ed15ff9f2a8820a07ed6e716584622a879218c478b4daf240ef7e,esn_ridge,1285877094,2382,0,30,0,0,49928704,4.588899901136756e-05,3.9.19,narma30_schrauwen,150,small,0.8391684020025423,151,0.0041579283842228,1e-05,5975a9838bf2c9cb4630c9189ad6e31bf8e5c85216c7587e16d2113fd768c567,narma30_schrauwen_stable_trajectory_conditional,0.003931139295451221,0.6825006417212275,5339.228300487197,0.008439414247763446,2.4.1+cu121,22951,22951,22951,151,4.588899901136756e-05
0,,0,True,301,674c339cdf58dd08afdb571639a48ae715018d2c94afba7b910f4b3ee5967cf6,cuda,0,0,600,90600,0,0.0,False,orcaga12,1.821300573006738,0.1858469972455855,917b7fdf6f8ed15ff9f2a8820a07ed6e716584622a879218c478b4daf240ef7e,large_esn_ridge,1285877094,9120,0,30,0,0,61320704,4.2464002035558224e-05,3.9.19,narma30_schrauwen,300,small,0.8017217590095242,301,0.002816552673570456,1e-08,067bd42c3cccc5e185d81d10137f78924ce88a9a10cdbd10ad6c44ec24d12928,narma30_schrauwen_stable_trajectory_conditional,0.0027123242542288896,0.5669106965764463,5380.770283194626,0.008439414247763446,2.4.1+cu121,90901,90901,90901,301,4.2464002035558224e-05
0,,0,True,301,674c339cdf58dd08afdb571639a48ae715018d2c94afba7b910f4b3ee5967cf6,cuda,0,0,600,67950,0,0.0,False,orcaga12,3.819282843003748,0.3897227390820151,917b7fdf6f8ed15ff9f2a8820a07ed6e716584622a879218c478b4daf240ef7e,deep_esn_ridge,1285877094,27185,0,30,0,0,67231744,3.811799979303032e-05,3.9.19,narma30_schrauwen,300,small,1.5711287680023815,301,0.002571766887164216,1e-05,0362dc6b7a96b7f7de8e8c79ee515344c37a2ea165a95a72f6b71d35f543435d,narma30_schrauwen_stable_trajectory_conditional,0.0023260819050375196,0.5249964286496904,2565.9267466801707,0.008439414247763446,2.4.1+cu121,68251,68251,68251,301,3.811799979303032e-05
0,,10,True,151,674c339cdf58dd08afdb571639a48ae715018d2c94afba7b910f4b3ee5967cf6,cuda,0,0,300,48450,0,0.0,False,orcaga12,4.45686740099336,0.45478238785646535,917b7fdf6f8ed15ff9f2a8820a07ed6e716584622a879218c478b4daf240ef7e,random_bottleneck,1285877094,10216,300,30,0,0,62034944,0.3727225170005113,3.9.19,narma30_schrauwen,300,small,1.8203167070023483,151,0.004474849085012913,0.0001,0b4731a1f56c9b8e3223528062ac650588c6afd83b7ab1fa2b992bcca8b557a4,narma30_schrauwen_stable_trajectory_conditional,0.00446328609043849,0.7272290355938599,2198.8538402142603,0.008439414247763446,2.4.1+cu121,48601,48601,48901,151,0.3727225170005113
0,,10,True,1801,674c339cdf58dd08afdb571639a48ae715018d2c94afba7b910f4b3ee5967cf6,cuda,0,0,300,46950,0,0.0,False,orcaga12,4.5312507820053725,0.46237252877605844,917b7fdf6f8ed15ff9f2a8820a07ed6e716584622a879218c478b4daf240ef7e,pca_bottleneck,1285877094,8579,300,30,0,1650,62035968,0.7736634830071125,3.9.19,narma30_schrauwen,300,small,1.8258751449902775,151,0.005053032492002255,0.1,7a704b1f89877e778cc55a37f34d56ce5641301397d8e39c210f016445aa32f9,narma30_schrauwen_stable_trajectory_conditional,0.004998458560732748,0.7695943942677853,2162.758247439764,0.008439414247763446,2.4.1+cu121,47101,48751,49051,151,0.7736634830071125
150,0.004293194506317377,10,True,1661,674c339cdf58dd08afdb571639a48ae715018d2c94afba7b910f4b3ee5967cf6,cuda,1510,150,300,46950,1661,348.0771306499955,True,orcaga12,4.5317503989936085,0.46242351010138866,917b7fdf6f8ed15ff9f2a8820a07ed6e716584622a879218c478b4daf240ef7e,learned_linear,1285877094,7392,300,30,0,0,95598080,0.3640105590020539,3.9.19,narma30_schrauwen,300,small,1.829866336993291,151,0.004282107692483216,0.1,969e34219a3d0d6b3b94ccfe027eae8a47c2818f44aa2bb2b0fee2f39a34c9c7,narma30_schrauwen_stable_trajectory_conditional,0.004251447472098537,0.709761203351723,2162.519807396352,0.008439414247763446,2.4.1+cu121,48611,48611,48911,1661,348.4411412089976
150,0.009203096851706505,10,True,1661,674c339cdf58dd08afdb571639a48ae715018d2c94afba7b910f4b3ee5967cf6,cuda,1510,150,300,46950,1661,354.67125503400166,True,orcaga12,4.659724479002762,0.47548208969415934,917b7fdf6f8ed15ff9f2a8820a07ed6e716584622a879218c478b4daf240ef7e,learned_nonlinear,1285877094,6185,300,30,0,0,95598080,0.36680342099862173,3.9.19,narma30_schrauwen,300,small,1.8561275910033146,151,0.00507759685220775,0.1,93cda205e004de952808242243207996b0bbb5e256a99b6b376a5a39ae332a3f,narma30_schrauwen_stable_trajectory_conditional,0.004959358713488796,0.7665784544495142,2103.1286386480347,0.008439414247763446,2.4.1+cu121,48611,48611,48911,1661,355.0380584550003
150,0.005195553880184889,0,True,1673,674c339cdf58dd08afdb571639a48ae715018d2c94afba7b910f4b3ee5967cf6,cuda,1650,150,44,0,1673,205.34744528999727,True,orcaga12,1.7148320139967836,0.17498285857110038,917b7fdf6f8ed15ff9f2a8820a07ed6e716584622a879218c478b4daf240ef7e,gru,1285877094,0,0,30,0,0,73166848,1.447201066184789e-05,3.9.19,narma30_schrauwen,22,small,0.6936109309899621,23,0.0049028722029652505,0.001,e514f5d282a09a809d70283b3695d8a15561638de6aef8776913eaea662407ea,narma30_schrauwen_stable_trajectory_conditional,0.00486719746165156,0.759422273397487,5714.845489243578,0.008439414247763446,2.4.1+cu121,1673,1673,1673,1673,205.34745976200793
0,,0,True,151,674c339cdf58dd08afdb571639a48ae715018d2c94afba7b910f4b3ee5967cf6,cuda,0,0,300,22800,0,0.0,False,orcaga12,1.8451943550026044,0.18828513826557186,917b7fdf6f8ed15ff9f2a8820a07ed6e716584622a879218c478b4daf240ef7e,esn_ridge,1285877094,4763,0,30,0,0,49928704,5.231899558566511e-05,3.9.19,narma30_schrauwen,150,long,2.3450794870004756,151,0.0034664318161872596,1e-10,925395644853c5c015dca03219a662945b7772237837e2fb3f775d266525e34f,narma30_schrauwen_stable_trajectory_conditional,0.0034886873274366315,0.6429465517957511,5311.093638147494,0.008439414247763446,2.4.1+cu121,22951,22951,22951,151,5.231899558566511e-05
0,,0,True,301,674c339cdf58dd08afdb571639a48ae715018d2c94afba7b910f4b3ee5967cf6,cuda,0,0,600,90600,0,0.0,False,orcaga12,1.8411610309995012,0.18787357459178586,917b7fdf6f8ed15ff9f2a8820a07ed6e716584622a879218c478b4daf240ef7e,large_esn_ridge,1285877094,9120,0,30,0,0,61903360,4.107199492864311e-05,3.9.19,narma30_schrauwen,300,long,2.350518799998099,301,0.0020039912614293704,1e-06,4ae1a27dfa04b63ee9b6c13b0f31c0b77e9044b191ec833747673d68211f1b11,narma30_schrauwen_stable_trajectory_conditional,0.0020449878758124892,0.4922539575654371,5322.728340975111,0.008439414247763446,2.4.1+cu121,90901,90901,90901,301,4.107199492864311e-05
0,,0,True,301,674c339cdf58dd08afdb571639a48ae715018d2c94afba7b910f4b3ee5967cf6,cuda,0,0,600,67950,0,0.0,False,orcaga12,3.7950341929972637,0.3872483870405371,917b7fdf6f8ed15ff9f2a8820a07ed6e716584622a879218c478b4daf240ef7e,deep_esn_ridge,1285877094,26252,0,30,0,0,67231744,5.587399937212467e-05,3.9.19,narma30_schrauwen,300,long,4.753772554002353,301,0.002158136249351383,1e-06,d84cb9285ac78abe930a11c00335d73bf553ff9ba5f26f45e646083867f5488a,narma30_schrauwen_stable_trajectory_conditional,0.0020924105023199255,0.49792885368387885,2582.3219242881446,0.008439414247763446,2.4.1+cu121,68251,68251,68251,301,5.587399937212467e-05
0,,10,True,151,674c339cdf58dd08afdb571639a48ae715018d2c94afba7b910f4b3ee5967cf6,cuda,0,0,300,48450,0,0.0,False,orcaga12,4.515726180005004,0.46078838571479636,917b7fdf6f8ed15ff9f2a8820a07ed6e716584622a879218c478b4daf240ef7e,random_bottleneck,1285877094,6752,300,30,0,0,62034944,1.9051535629987484,3.9.19,narma30_schrauwen,300,long,5.4540083380125,151,0.003772229771209712,1e-12,1bd52c15276ca6a842a8778bdc324a906826c3b11684c460f8c6aea9f013ba0e,narma30_schrauwen_stable_trajectory_conditional,0.003774340903731345,0.6687509461774636,2170.1935877762057,0.008439414247763446,2.4.1+cu121,48601,48601,48901,151,1.9051535629987484
0,,10,True,1801,674c339cdf58dd08afdb571639a48ae715018d2c94afba7b910f4b3ee5967cf6,cuda,0,0,300,46950,0,0.0,False,orcaga12,4.559514966007555,0.4652566291844444,917b7fdf6f8ed15ff9f2a8820a07ed6e716584622a879218c478b4daf240ef7e,pca_bottleneck,1285877094,6185,300,30,0,1650,62035968,3.7720663879881613,3.9.19,narma30_schrauwen,300,long,5.5376510600035544,151,0.005038879811197469,0.1,9dd586ceb96b5a9a6d33f0a32ead0a01d03616ca91ab6f7b502a99098143a58f,narma30_schrauwen_stable_trajectory_conditional,0.004926641838556605,0.7640457125034762,2149.3514273034984,0.008439414247763446,2.4.1+cu121,47101,48751,49051,151,3.7720663879881613
150,0.023958077654242516,10,True,1661,674c339cdf58dd08afdb571639a48ae715018d2c94afba7b910f4b3ee5967cf6,cuda,1510,150,300,46950,1661,1228.8788772199914,True,orcaga12,4.565413176998845,0.46585848744886177,917b7fdf6f8ed15ff9f2a8820a07ed6e716584622a879218c478b4daf240ef7e,learned_linear,1285877094,10810,300,30,0,0,105991168,1.8419082689943025,3.9.19,narma30_schrauwen,300,long,5.6124468320049345,151,0.004261943085460145,0.01,95abd3a1f4d61cfa4b320502f308048b50833db6d812085754502a2146dc0750,narma30_schrauwen_stable_trajectory_conditional,0.004273405356595139,0.7115917308664621,2146.574607830392,0.008439414247763446,2.4.1+cu121,48611,48611,48911,1661,1230.7207854889857
150,0.005528165493160486,10,True,1661,674c339cdf58dd08afdb571639a48ae715018d2c94afba7b910f4b3ee5967cf6,cuda,1510,150,300,46950,1661,1261.3467293859867,True,orcaga12,4.6352433990105055,0.47298402030719444,917b7fdf6f8ed15ff9f2a8820a07ed6e716584622a879218c478b4daf240ef7e,learned_nonlinear,1285877094,8579,300,30,0,0,111110656,1.9211656539991964,3.9.19,narma30_schrauwen,300,long,5.65374039800372,151,0.004292605607789414,0.0001,c91d010c5a2ec611da4671723e901f77ad8c32ab5bde93c3fc967a68f50c6aba,narma30_schrauwen_stable_trajectory_conditional,0.004343292229351301,0.71738678641039,2114.2363316006285,0.008439414247763446,2.4.1+cu121,48611,48611,48911,1661,1263.267895039986
73,0.004933090414851904,0,True,1673,674c339cdf58dd08afdb571639a48ae715018d2c94afba7b910f4b3ee5967cf6,cuda,1650,98,44,0,1673,551.6733163280005,False,orcaga12,1.7739340759871993,0.1810136812231836,917b7fdf6f8ed15ff9f2a8820a07ed6e716584622a879218c478b4daf240ef7e,gru,1285877094,0,0,30,0,0,89602560,1.4562014257535338e-05,3.9.19,narma30_schrauwen,22,long,2.161917277990142,23,0.004799052734205217,1e-07,5d360f027c2d44d84bac8b3d6cac3af4d1e448f6c5035a41504d30bb12c2a601,narma30_schrauwen_stable_trajectory_conditional,0.0047482409965622484,0.7500845573576966,5524.444303008427,0.008439414247763446,2.4.1+cu121,1673,1673,1673,1673,551.6733308900148
